{"a":{"accI":[0,42,173,25,18,7,-34,-437,-3698,-6486,-6657,-6674,-1442,5484,1244,-4358,-3668,-71,1475,794,233,121,362,559,168,4,14,89,384,579],"accR":[55,-69,19,1,7,6,-52,-320,-2260,-4994,-5566,-5570,-1339,2055,-1595,-4812,-2467,69,294,-401,-448,99,1325,1298,572,125,217,146,92,-30],"f1":8051,"f2":7737,"f3":4266,"fpi":50621,"ldeC1":109,"ldeC2":1543,"ldePPA":8068,"ldePPI":794,"ldeRADC":16505,"ldeRCC":10484,"ldeT":1518,"maxGrowthCIR":2341,"maxNoise":1518,"pA":125,"rxPreamCount":124,"stdNoise":60,"tI":33292288,"tO":524212},"app":"DS TWR RESP DW1000","co":-6548,"d":0.497178,"err":404,"errors":{"ARFE":0,"CRCB":5,"CRCG":1362,"HPW":0,"OVER":0,"PHE":103,"PTO":18,"RSL":177,"RTO":5,"SFDTO":96,"TXF":338,"TXW":338},"oth":201517,"sn":720,"sn_tx":82,"t":50599,"unexp":185,"unix":1618929212.81302}
{"a":{"accI":[-102,3,0,-15,-92,-173,-211,-1353,-4452,-5131,-4965,-696,1778,-2774,-5183,-1313,1875,619,-542,-104,964,1444,103,-1013,-600,175,275,165,388,608],"accR":[-46,-102,-3,23,-13,69,256,2210,5902,6246,6324,882,-6108,-5521,996,4343,1605,-194,-502,-108,140,-328,-826,-756,-263,79,30,-137,-29,-14],"f1":7558,"f2":7521,"f3":7007,"fpi":48018,"ldeC1":109,"ldeC2":1543,"ldePPA":7557,"ldePPI":753,"ldeRADC":16505,"ldeRCC":10484,"ldeT":1021,"maxGrowthCIR":2352,"maxNoise":1021,"pA":17,"rxPreamCount":116,"stdNoise":40,"tI":33292288,"tO":524225},"app":"DS TWR RESP DW1000","co":-6691,"d":0.675411,"err":427,"errors":{"ARFE":0,"CRCB":5,"CRCG":3021,"HPW":0,"OVER":0,"PHE":111,"PTO":20,"RSL":185,"RTO":6,"SFDTO":100,"TXF":350,"TXW":350},"oth":203158,"sn":745,"sn_tx":94,"t":50999,"unexp":190,"unix":1618929213.15571}
{"a":{"accI":[355,-294,-272,45,31,232,-35,439,4537,6802,7022,6897,1954,-2351,1429,3661,-311,-2627,-1312,-108,346,-122,319,344,-567,-1549,-1253,-311,-269,-988],"accR":[-95,175,115,82,182,129,175,-210,-2536,-3914,-4078,-4483,-3748,-1333,-979,-544,1241,1387,117,-698,-1568,-1266,-951,-463,79,375,129,-353,-773,-321],"f1":8020,"f2":7759,"f3":5149,"fpi":54704,"ldeC1":109,"ldeC2":1543,"ldePPA":8019,"ldePPI":857,"ldeRADC":16505,"ldeRCC":10484,"ldeT":2524,"maxGrowthCIR":193,"maxNoise":2524,"pA":2,"rxPreamCount":124,"stdNoise":100,"tI":33292288,"tO":524182},"app":"DS TWR RESP DW1000","co":-6534,"d":0.755147,"err":443,"errors":{"ARFE":0,"CRCB":5,"CRCG":247,"HPW":0,"OVER":0,"PHE":114,"PTO":22,"RSL":190,"RTO":7,"SFDTO":105,"TXF":360,"TXW":360},"oth":204465,"sn":765,"sn_tx":104,"t":51319,"unexp":194,"unix":1618929213.46775}
{"a":{"accI":[43,27,33,-29,-164,-161,-319,-502,-6197,-7330,-7331,-7472,-563,4483,2987,744,586,42,-250,-83,674,1075,1652,697,-30,-71,117,229,803,451],"accR":[-18,18,-59,51,75,129,-1,-70,-1811,-3151,-3328,-2118,4841,6805,6219,679,-1292,553,928,-13,-825,-572,-155,-152,-702,-213,58,-6,-247,-222],"f1":8171,"f2":8126,"f3":6658,"fpi":48166,"ldeC1":109,"ldeC2":1543,"ldePPA":8170,"ldePPI":755,"ldeRADC":16505,"ldeRCC":10484,"ldeT":1027,"maxGrowthCIR":2905,"maxNoise":1027,"pA":120,"rxPreamCount":124,"stdNoise":40,"tI":33292288,"tO":524150},"app":"DS TWR RESP DW1000","co":-6527,"d":0.79267,"err":445,"errors":{"ARFE":0,"CRCB":5,"CRCG":499,"HPW":0,"OVER":0,"PHE":114,"PTO":22,"RSL":191,"RTO":7,"SFDTO":106,"TXF":362,"TXW":362},"oth":204713,"sn":769,"sn_tx":106,"t":51383,"unexp":195,"unix":1618929213.54021}
{"a":{"accI":[-154,32,44,-13,-11,-16,-140,-332,-3766,-5480,-5506,-5167,163,3396,3251,2159,953,35,-400,-723,-1139,-928,-1111,-733,253,686,868,1413,1880,1016],"accR":[15,-7,-7,-11,9,75,-233,-546,-3754,-6161,-6530,-5625,3451,7083,5199,-1083,-2520,-324,173,-588,-1081,105,680,1033,527,-3,-16,356,812,446],"f1":7913,"f2":7538,"f3":4713,"fpi":49268,"ldeC1":109,"ldeC2":1543,"ldePPA":7924,"ldePPI":775,"ldeRADC":16505,"ldeRCC":10484,"ldeT":1271,"maxGrowthCIR":2469,"maxNoise":1271,"pA":0,"rxPreamCount":124,"stdNoise":52,"tI":33292288,"tO":524142},"app":"DS TWR RESP DW1000","co":-6491,"d":1.083472,"err":455,"errors":{"ARFE":0,"CRCB":5,"CRCG":1220,"HPW":0,"OVER":0,"PHE":115,"PTO":23,"RSL":198,"RTO":8,"SFDTO":106,"TXF":367,"TXW":367},"oth":205427,"sn":780,"sn_tx":111,"t":51559,"unexp":196,"unix":1618929213.70912}
{"a":{"accI":[15,4,-48,5,44,-14,-152,-1273,-5011,-5817,-5774,-1159,5667,4470,-1289,-3735,-313,730,139,-28,315,159,-487,-889,-422,295,221,-68,-200,357],"accR":[37,-50,-42,16,4,-6,97,1257,5054,5671,5751,1697,-3728,-3752,65,1096,215,-17,-34,73,547,911,218,-1046,-750,-137,181,56,-262,-444],"f1":7222,"f2":7245,"f3":6298,"fpi":47900,"ldeC1":109,"ldeC2":1543,"ldePPA":7244,"ldePPI":750,"ldeRADC":16505,"ldeRCC":10484,"ldeT":1361,"maxGrowthCIR":1833,"maxNoise":1361,"pA":23,"rxPreamCount":116,"stdNoise":56,"tI":33292288,"tO":524187},"app":"DS TWR RESP DW1000","co":-6396,"d":1.017807,"err":460,"errors":{"ARFE":0,"CRCB":5,"CRCG":1599,"HPW":0,"OVER":0,"PHE":115,"PTO":23,"RSL":203,"RTO":8,"SFDTO":106,"TXF":371,"TXW":371},"oth":205800,"sn":786,"sn_tx":115,"t":51655,"unexp":197,"unix":1618929213.80322}
{"a":{"accI":[-122,87,40,151,-4,-121,-264,-784,-5575,-6042,-5130,1071,6168,1646,-2671,-360,1301,1424,-138,-708,421,1745,1515,410,164,315,-60,-375,-34,251],"accR":[-73,-42,30,285,-36,-17,95,932,5116,5507,6096,2334,-3077,-4835,-3460,-854,325,82,-315,-622,848,953,58,-526,25,181,-97,-883,-569,-200],"f1":7370,"f2":7419,"f3":6854,"fpi":48030,"ldeC1":109,"ldeC2":1543,"ldePPA":7418,"ldePPI":752,"ldeRADC":16505,"ldeRCC":10484,"ldeT":1277,"maxGrowthCIR":2003,"maxNoise":1277,"pA":22,"rxPreamCount":116,"stdNoise":52,"tI":33292288,"tO":524186},"app":"DS TWR RESP DW1000","co":-6458,"d":1.125686,"err":462,"errors":{"ARFE":0,"CRCB":5,"CRCG":1845,"HPW":0,"OVER":0,"PHE":115,"PTO":23,"RSL":204,"RTO":8,"SFDTO":107,"TXF":374,"TXW":374},"oth":206040,"sn":790,"sn_tx":118,"t":51719,"unexp":199,"unix":1618929213.87541}
{"a":{"accI":[-74,-218,78,159,106,36,144,1199,3713,4833,5044,2191,368,2408,3134,-1010,-4381,-2082,-493,-749,-1218,-1453,98,795,455,-242,-559,-1210,-962,-302],"accR":[78,94,81,43,-106,3,-331,-2223,-6455,-6983,-6917,-1055,4959,356,-4532,-1755,1073,377,-260,-89,715,836,195,89,137,-34,-380,-554,190,1034],"f1":8165,"f2":8178,"f3":7370,"fpi":52821,"ldeC1":109,"ldeC2":1543,"ldePPA":8177,"ldePPI":827,"ldeRADC":16505,"ldeRCC":10484,"ldeT":1736,"maxGrowthCIR":2223,"maxNoise":1736,"pA":127,"rxPreamCount":124,"stdNoise":68,"tI":33292288,"tO":524190},"app":"DS TWR RESP DW1000","co":-6517,"d":1.421178,"err":479,"errors":{"ARFE":0,"CRCB":5,"CRCG":3443,"HPW":0,"OVER":0,"PHE":121,"PTO":23,"RSL":211,"RTO":8,"SFDTO":111,"TXF":385,"TXW":385},"oth":207621,"sn":814,"sn_tx":129,"t":52103,"unexp":204,"unix":1618929214.25596}
{"a":{"accI":[306,307,3,-5,20,-103,-544,-3165,-6853,-7402,-5772,5008,7358,2817,-3807,-1179,2986,1766,108,-425,144,1203,597,-504,-333,158,104,166,103,31],"accR":[112,83,-113,-18,53,-20,-195,-755,-2390,-3060,-2320,1107,2057,-321,-2408,-612,1253,1308,954,537,73,130,429,436,390,262,225,90,-420,-720],"f1":6365,"f2":8180,"f3":7464,"fpi":47885,"ldeC1":109,"ldeC2":1543,"ldePPA":8179,"ldePPI":750,"ldeRADC":16505,"ldeRCC":10484,"ldeT":1615,"maxGrowthCIR":2324,"maxNoise":1615,"pA":124,"rxPreamCount":124,"stdNoise":64,"tI":33292288,"tO":524151},"app":"DS TWR RESP DW1000","co":-6524,"d":1.852691,"err":497,"errors":{"ARFE":0,"CRCB":5,"CRCG":944,"HPW":0,"OVER":0,"PHE":123,"PTO":24,"RSL":226,"RTO":8,"SFDTO":111,"TXF":396,"TXW":396},"oth":209202,"sn":838,"sn_tx":140,"t":52487,"unexp":208,"unix":1618929214.64103}
{"a":{"accI":[-87,-368,-284,91,53,76,144,679,4731,6865,6862,2579,-5263,-6236,-1480,232,-2085,-3462,-2221,-580,230,-595,-779,-336,-175,69,-3,-293,-227,-265],"accR":[88,202,117,64,69,0,-42,-549,-2416,-3110,-3522,-2913,-997,-402,-587,-184,1015,844,-227,-1071,-1189,-455,91,221,252,474,645,47,-835,-779],"f1":7728,"f2":7628,"f3":5320,"fpi":45997,"ldeC1":109,"ldeC2":1543,"ldePPA":7727,"ldePPI":721,"ldeRADC":16505,"ldeRCC":10484,"ldeT":1362,"maxGrowthCIR":72,"maxNoise":1362,"pA":9,"rxPreamCount":124,"stdNoise":56,"tI":33292288,"tO":524266},"app":"DS TWR RESP DW1000","co":-6580,"d":2.776691,"err":516,"errors":{"ARFE":0,"CRCB":5,"CRCG":418,"HPW":0,"OVER":0,"PHE":127,"PTO":24,"RSL":237,"RTO":8,"SFDTO":115,"TXF":420,"TXW":420},"oth":212734,"sn":891,"sn_tx":164,"t":53335,"unexp":221,"unix":1618929215.49235}
{"a":{"accI":[-99,-82,11,-59,-86,-173,-70,-349,-3850,-7113,-7558,-6816,1131,6026,3037,401,996,786,303,38,55,474,937,586,85,-176,-129,-393,-448,-152],"accR":[-23,-3,26,-66,-9,47,24,87,971,1033,-143,-2029,-1227,2017,2477,176,-1099,-3,1047,1226,582,204,299,83,-224,-230,141,349,-77,-646],"f1":7595,"f2":7367,"f3":4089,"fpi":54203,"ldeC1":109,"ldeC2":1543,"ldePPA":7594,"ldePPI":849,"ldeRADC":16505,"ldeRCC":10484,"ldeT":864,"maxGrowthCIR":1803,"maxNoise":864,"pA":2,"rxPreamCount":124,"stdNoise":36,"tI":33292288,"tO":524121},"app":"DS TWR RESP DW1000","co":-6191,"d":4.498052,"err":530,"errors":{"ARFE":0,"CRCB":5,"CRCG":2738,"HPW":0,"OVER":0,"PHE":130,"PTO":27,"RSL":245,"RTO":8,"SFDTO":115,"TXF":466,"TXW":466},"oth":219068,"sn":986,"sn_tx":210,"t":54855,"unexp":256,"unix":1618929217.00797}
{"a":{"accI":[-24,-75,-51,15,45,-16,-113,-1923,-5512,-6538,-5535,383,5052,1345,-1652,375,2708,1129,14,191,870,759,-440,-1581,-800,112,117,90,378,431],"accR":[27,-75,-32,38,-4,27,166,1747,4625,5490,6240,3402,-892,-610,1494,969,-199,-395,-18,954,927,-260,-575,447,931,666,117,-586,-1146,-885],"f1":7614,"f2":7917,"f3":6675,"fpi":51414,"ldeC1":109,"ldeC2":1543,"ldePPA":7916,"ldePPI":805,"ldeRADC":16505,"ldeRCC":10484,"ldeT":1086,"maxGrowthCIR":1808,"maxNoise":1086,"pA":1,"rxPreamCount":124,"stdNoise":44,"tI":33292288,"tO":524161},"app":"DS TWR RESP DW1000","co":-6514,"d":4.746641,"err":530,"errors":{"ARFE":0,"CRCB":5,"CRCG":3534,"HPW":0,"OVER":0,"PHE":130,"PTO":27,"RSL":245,"RTO":8,"SFDTO":115,"TXF":472,"TXW":472},"oth":219852,"sn":998,"sn_tx":216,"t":55047,"unexp":261,"unix":1618929217.20568}
{"a":{"accI":[-63,-133,-11,116,110,64,153,932,5483,7140,6928,4755,-1787,-2951,-317,1,-1080,-616,79,-250,-450,-552,-712,-1358,-1192,-72,322,69,-578,-681],"accR":[-28,3,28,48,11,26,74,133,1939,3663,4803,3245,-3291,-6241,-1560,915,-418,-2024,-797,177,599,-111,-133,672,528,-547,-547,73,447,16],"f1":8115,"f2":8042,"f3":5954,"fpi":47401,"ldeC1":109,"ldeC2":1543,"ldePPA":8114,"ldePPI":743,"ldeRADC":16505,"ldeRCC":10484,"ldeT":1032,"maxGrowthCIR":2094,"maxNoise":1032,"pA":3,"rxPreamCount":124,"stdNoise":40,"tI":33292288,"tO":524156},"app":"DS TWR RESP DW1000","co":-6453,"d":4.99523,"err":530,"errors":{"ARFE":0,"CRCB":5,"CRCG":440,"HPW":0,"OVER":0,"PHE":130,"PTO":27,"RSL":245,"RTO":8,"SFDTO":115,"TXF":479,"TXW":479},"oth":220840,"sn":1013,"sn_tx":223,"t":55287,"unexp":267,"unix":1618929217.44051}
{"a":{"accI":[20,-119,-30,64,-77,11,153,755,2644,3922,5336,3044,-1037,-812,347,599,-845,-1926,-1701,-1211,-198,-186,-177,40,4,-297,-524,-575,6,219],"accR":[127,197,55,144,83,34,-468,-2730,-6384,-6692,-5507,969,4757,651,-1931,-302,1594,1093,-44,-729,-856,-40,366,-320,-254,228,329,350,259,178],"f1":6845,"f2":7677,"f3":7049,"fpi":47632,"ldeC1":109,"ldeC2":1543,"ldePPA":7676,"ldePPI":746,"ldeRADC":16505,"ldeRCC":10484,"ldeT":1429,"maxGrowthCIR":1660,"maxNoise":1429,"pA":22,"rxPreamCount":116,"stdNoise":56,"tI":33292288,"tO":524214},"app":"DS TWR RESP DW1000","co":-6648,"d":5.168773,"err":531,"errors":{"ARFE":0,"CRCB":5,"CRCG":1106,"HPW":0,"OVER":0,"PHE":130,"PTO":28,"RSL":245,"RTO":8,"SFDTO":115,"TXF":483,"TXW":483},"oth":221498,"sn":1023,"sn_tx":227,"t":55447,"unexp":270,"unix":1618929217.59812}
{"a":{"accI":[12,-2,-99,-42,83,58,42,148,1476,2575,3122,4450,3814,413,-1248,-464,188,-285,-1439,-1805,-1192,-559,-756,-532,-107,-51,-348,-623,-563,1],"accR":[43,-36,-131,-36,66,9,131,365,4059,7010,7313,5197,-1848,-4990,-1198,456,-1014,-2005,-1509,-1120,-931,-1016,-1137,-545,421,648,456,49,-430,-530],"f1":8074,"f2":7634,"f3":4408,"fpi":52344,"ldeC1":109,"ldeC2":1543,"ldePPA":8073,"ldePPI":820,"ldeRADC":16505,"ldeRCC":10484,"ldeT":1235,"maxGrowthCIR":1842,"maxNoise":1235,"pA":124,"rxPreamCount":124,"stdNoise":48,"tI":33292288,"tO":524174},"app":"DS TWR RESP DW1000","co":-6632,"d":5.745687,"err":531,"errors":{"ARFE":0,"CRCB":5,"CRCG":2986,"HPW":0,"OVER":0,"PHE":130,"PTO":28,"RSL":245,"RTO":8,"SFDTO":115,"TXF":497,"TXW":497},"oth":223350,"sn":1051,"sn_tx":241,"t":55895,"unexp":283,"unix":1618929218.05009}
{"a":{"accI":[-19,-5,115,-8,-137,-115,-42,-195,15,819,1592,492,-1385,-1218,925,3225,1967,242,-482,-371,-154,142,-89,-533,-178,-104,-295,-222,-58,128],"accR":[-10,9,31,28,78,99,-216,-2659,-7302,-7551,-7519,-1489,5817,3735,-384,-1454,-444,-86,18,710,1214,244,-969,-1709,-359,152,193,196,313,262],"f1":7926,"f2":7765,"f3":7315,"fpi":51344,"ldeC1":109,"ldeC2":1543,"ldePPA":7925,"ldePPI":805,"ldeRADC":16505,"ldeRCC":10484,"ldeT":1372,"maxGrowthCIR":1999,"maxNoise":1372,"pA":2,"rxPreamCount":124,"stdNoise":56,"tI":33292288,"tO":524189},"app":"DS TWR RESP DW1000","co":-6386,"d":6.453931,"err":534,"errors":{"ARFE":0,"CRCB":5,"CRCG":1392,"HPW":0,"OVER":0,"PHE":131,"PTO":28,"RSL":247,"RTO":8,"SFDTO":115,"TXF":513,"TXW":513},"oth":225820,"sn":1088,"sn_tx":1,"t":56487,"unexp":298,"unix":1618929218.64049}
{"a":{"accI":[36,19,85,65,-31,-26,70,1100,3023,3427,2283,-906,-3041,30,2389,922,-1178,-1032,-323,61,147,6,137,-84,-330,-180,134,46,-173,-196],"accR":[80,97,-124,-87,-18,-42,-477,-3424,-6965,-7370,-6941,-8,5608,1777,-2455,-3033,-1079,-190,209,389,374,-118,-261,195,437,567,778,804,790,465],"f1":7507,"f2":8222,"f3":7716,"fpi":54599,"ldeC1":109,"ldeC2":1543,"ldePPA":8221,"ldePPI":855,"ldeRADC":16505,"ldeRCC":10484,"ldeT":939,"maxGrowthCIR":1051,"maxNoise":939,"pA":1,"rxPreamCount":124,"stdNoise":36,"tI":33292288,"tO":524171},"app":"DS TWR RESP DW1000","co":-6406,"d":6.599332,"err":534,"errors":{"ARFE":0,"CRCB":5,"CRCG":1917,"HPW":0,"OVER":0,"PHE":131,"PTO":28,"RSL":247,"RTO":8,"SFDTO":115,"TXF":517,"TXW":517},"oth":226337,"sn":1096,"sn_tx":5,"t":56615,"unexp":301,"unix":1618929218.76651}
{"a":{"accI":[-1,63,21,-73,-16,14,-96,-826,-5726,-7341,-7443,-1914,5332,5344,933,-220,-87,-320,-276,894,2654,1779,-417,-665,600,725,476,134,136,667],"accR":[-47,12,-9,7,51,-44,-23,328,2330,2724,2010,-337,-1874,-466,541,-43,-1049,-605,99,534,455,86,-33,-62,3,308,50,-461,-530,80],"f1":7953,"f2":8029,"f3":6316,"fpi":46886,"ldeC1":109,"ldeC2":1543,"ldePPA":8028,"ldePPI":734,"ldeRADC":16505,"ldeRCC":10484,"ldeT":928,"maxGrowthCIR":1948,"maxNoise":928,"pA":10,"rxPreamCount":124,"stdNoise":36,"tI":33292288,"tO":524201},"app":"DS TWR RESP DW1000","co":-6558,"d":7.035535,"err":536,"errors":{"ARFE":0,"CRCB":5,"CRCG":3542,"HPW":0,"OVER":0,"PHE":132,"PTO":28,"RSL":248,"RTO":8,"SFDTO":115,"TXF":526,"TXW":526},"oth":227944,"sn":1120,"sn_tx":14,"t":56999,"unexp":309,"unix":1618929219.15137}
{"a":{"accI":[-35,-16,89,-47,-64,-20,-52,-79,-367,-1507,-3028,-3963,-1454,2300,1422,-1190,-2861,-949,1496,1890,421,-1024,-389,548,184,-663,-495,463,790,671],"accR":[16,-30,-83,99,170,-2,94,579,4725,7581,7806,4684,-3262,-6096,-1876,440,88,10,508,-193,-1578,-1251,-133,410,171,-218,-519,-1138,-1288,-677],"f1":8541,"f2":7935,"f3":4794,"fpi":53558,"ldeC1":109,"ldeC2":1543,"ldePPA":8540,"ldePPI":839,"ldeRADC":16505,"ldeRCC":10484,"ldeT":1034,"maxGrowthCIR":2055,"maxNoise":1034,"pA":89,"rxPreamCount":132,"stdNoise":40,"tI":33292288,"tO":524119},"app":"DS TWR RESP DW1000","co":-6676,"d":7.265363,"err":538,"errors":{"ARFE":0,"CRCB":5,"CRCG":312,"HPW":0,"OVER":0,"PHE":133,"PTO":29,"RSL":248,"RTO":8,"SFDTO":115,"TXF":532,"TXW":532},"oth":228798,"sn":1133,"sn_tx":20,"t":57207,"unexp":314,"unix":1618929219.35841}
{"a":{"accI":[-47,175,15,39,39,42,-5,34,103,110,537,1662,2520,1020,-275,360,3157,3397,731,-1045,-1204,-378,-141,-567,-552,118,-54,-833,-1045,-591],"accR":[76,-134,-24,110,93,110,45,842,4982,6856,6949,2828,-4300,-4654,-242,1224,-578,-1208,-298,-171,-618,-1699,-1243,-743,-671,-521,-264,-267,-454,-895],"f1":7071,"f2":6871,"f3":4995,"fpi":47721,"ldeC1":109,"ldeC2":1543,"ldePPA":7070,"ldePPI":748,"ldeRADC":16505,"ldeRCC":10484,"ldeT":954,"maxGrowthCIR":1682,"maxNoise":954,"pA":21,"rxPreamCount":116,"stdNoise":40,"tI":33292288,"tO":524170},"app":"DS TWR RESP DW1000","co":-6532,"d":8.620876,"err":544,"errors":{"ARFE":0,"CRCB":5,"CRCG":1225,"HPW":0,"OVER":0,"PHE":134,"PTO":31,"RSL":251,"RTO":8,"SFDTO":115,"TXF":566,"TXW":566},"oth":233741,"sn":1207,"sn_tx":54,"t":58391,"unexp":345,"unix":1618929220.54627}
{"a":{"accI":[-95,-22,14,-97,50,53,29,-197,-1886,-3227,-3441,-1401,2475,2399,-178,-80,3279,4265,1313,-2031,-3062,-765,942,597,-455,-388,102,-365,-1255,-1014],"accR":[-67,-213,-321,-163,1,186,242,993,4932,7440,7715,6041,-1378,-4416,-483,1987,887,-519,-772,-1104,-868,-338,25,-224,-988,-996,-474,-142,-577,-1434],"f1":8563,"f2":8234,"f3":5391,"fpi":48370,"ldeC1":109,"ldeC2":1543,"ldePPA":8562,"ldePPI":758,"ldeRADC":16505,"ldeRCC":10484,"ldeT":1522,"maxGrowthCIR":2350,"maxNoise":1522,"pA":85,"rxPreamCount":132,"stdNoise":60,"tI":33292288,"tO":524140},"app":"DS TWR RESP DW1000","co":-6563,"d":8.770967,"err":546,"errors":{"ARFE":0,"CRCB":5,"CRCG":1755,"HPW":0,"OVER":0,"PHE":135,"PTO":32,"RSL":251,"RTO":8,"SFDTO":115,"TXF":569,"TXW":569},"oth":234265,"sn":1215,"sn_tx":57,"t":58519,"unexp":347,"unix":1618929220.6712}
{"a":{"accI":[16,-69,8,11,97,53,252,2007,6303,7315,7278,1195,-4616,-3335,440,1099,-244,-892,-369,142,-41,-1028,-1345,-658,51,270,9,-598,-794,-354],"accR":[-3,-41,-45,-67,-42,-3,93,787,2617,2831,338,-2954,-3016,283,1390,-782,-2858,-1907,-29,1265,973,341,365,849,830,245,-102,-588,-906,-657],"f1":7333,"f2":7993,"f3":6928,"fpi":47640,"ldeC1":109,"ldeC2":1543,"ldePPA":7992,"ldePPI":746,"ldeRADC":16505,"ldeRCC":10484,"ldeT":926,"maxGrowthCIR":1916,"maxNoise":926,"pA":123,"rxPreamCount":124,"stdNoise":36,"tI":33292288,"tO":524178},"app":"DS TWR RESP DW1000","co":-6661,"d":9.150887,"err":548,"errors":{"ARFE":0,"CRCB":5,"CRCG":3091,"HPW":0,"OVER":0,"PHE":135,"PTO":32,"RSL":251,"RTO":8,"SFDTO":117,"TXF":579,"TXW":579},"oth":235581,"sn":1235,"sn_tx":67,"t":58839,"unexp":356,"unix":1618929220.99155}
{"a":{"accI":[-15,-142,-40,21,-186,3,95,1028,3919,4997,3197,-2248,-5642,-2853,336,697,-785,-1259,-478,937,1291,161,-742,-602,10,-256,-767,-869,-299,262],"accR":[71,270,147,-33,39,-36,-102,-1485,-5173,-6761,-7246,-3408,1784,1772,-841,-1185,695,1282,615,-134,-296,449,1195,1279,1005,639,301,251,285,298],"f1":8046,"f2":8011,"f3":6154,"fpi":53858,"ldeC1":109,"ldeC2":1543,"ldePPA":8045,"ldePPI":844,"ldeRADC":16505,"ldeRCC":10484,"ldeT":1127,"maxGrowthCIR":1801,"maxNoise":1127,"pA":127,"rxPreamCount":124,"stdNoise":44,"tI":33292288,"tO":524158},"app":"DS TWR RESP DW1000","co":-6463,"d":9.549566,"err":549,"errors":{"ARFE":0,"CRCB":5,"CRCG":680,"HPW":0,"OVER":0,"PHE":136,"PTO":32,"RSL":251,"RTO":8,"SFDTO":117,"TXF":590,"TXW":590},"oth":237244,"sn":1260,"sn_tx":78,"t":59239,"unexp":366,"unix":1618929221.39247}
{"a":{"accI":[-19,-72,16,20,-19,2,263,1739,4240,4726,-434,-5906,-5637,-595,1237,-679,-1463,719,2907,2027,401,-11,397,245,-242,-542,-350,-203,-196,-134],"accR":[74,146,65,-48,8,25,-415,-2683,-5810,-6335,-1173,4130,2781,-1311,-1711,1035,2031,2056,2420,1646,128,-568,-247,354,493,494,504,1,-418,-231],"f1":1291,"f2":7518,"f3":6871,"fpi":53068,"ldeC1":109,"ldeC2":1543,"ldePPA":7517,"ldePPI":831,"ldeRADC":16505,"ldeRCC":10484,"ldeT":942,"maxGrowthCIR":1797,"maxNoise":942,"pA":127,"rxPreamCount":124,"stdNoise":40,"tI":33292288,"tO":524158},"app":"DS TWR RESP DW1000","co":-6523,"d":9.915415,"err":549,"errors":{"ARFE":0,"CRCB":5,"CRCG":2018,"HPW":0,"OVER":0,"PHE":136,"PTO":32,"RSL":251,"RTO":8,"SFDTO":117,"TXF":600,"TXW":600},"oth":238562,"sn":1280,"sn_tx":88,"t":59559,"unexp":375,"unix":1618929221.71454}
{"a":{"accI":[-41,21,-62,-50,22,63,-17,92,819,1153,1200,876,-156,-215,417,569,39,-654,-1265,-1074,-113,407,156,-256,-245,134,357,80,-293,-180],"accR":[74,19,-24,-20,38,98,136,677,4486,7247,7456,6168,-658,-4449,-2210,-16,126,22,83,-363,-1242,-1285,-18,717,508,-59,-293,-658,-965,-810],"f1":7733,"f2":7512,"f3":4668,"fpi":51125,"ldeC1":109,"ldeC2":1543,"ldePPA":7732,"ldePPI":801,"ldeRADC":16505,"ldeRCC":10484,"ldeT":798,"maxGrowthCIR":1710,"maxNoise":798,"pA":123,"rxPreamCount":124,"stdNoise":32,"tI":33292288,"tO":524131},"app":"DS TWR RESP DW1000","co":-6655,"d":11.130217,"err":559,"errors":{"ARFE":0,"CRCB":5,"CRCG":2644,"HPW":0,"OVER":0,"PHE":138,"PTO":35,"RSL":255,"RTO":8,"SFDTO":118,"TXF":634,"TXW":634},"oth":243220,"sn":1350,"sn_tx":122,"t":60679,"unexp":404,"unix":1618929222.83191}
{"a":{"accI":[-67,-34,49,52,-3,21,82,625,1453,1689,849,-1013,-1436,-335,412,691,1080,653,-539,-894,-427,-101,-179,-55,385,408,-40,-222,-43,322],"accR":[-144,-216,-34,51,109,152,330,2110,6339,7387,4086,-3365,-5070,736,5750,2601,-1352,-1291,-2,348,-715,-1066,-350,281,-48,-361,-508,-522,-581,-599],"f1":4273,"f2":7784,"f3":6677,"fpi":52312,"ldeC1":109,"ldeC2":1543,"ldePPA":7783,"ldePPI":819,"ldeRADC":16505,"ldeRCC":10484,"ldeT":891,"maxGrowthCIR":1680,"maxNoise":891,"pA":125,"rxPreamCount":124,"stdNoise":36,"tI":33292288,"tO":524111},"app":"DS TWR RESP DW1000","co":-6499,"d":11.655537,"err":560,"errors":{"ARFE":0,"CRCB":5,"CRCG":157,"HPW":0,"OVER":0,"PHE":138,"PTO":36,"RSL":255,"RTO":8,"SFDTO":118,"TXF":646,"TXW":646},"oth":244805,"sn":1374,"sn_tx":134,"t":61063,"unexp":415,"unix":1618929223.21446}
{"a":{"accI":[52,160,21,32,149,224,-153,-2322,-6295,-7238,-3717,3949,5426,-29,-4098,-1573,969,751,-160,-114,1027,1184,408,-203,65,352,601,214,-19,203],"accR":[-32,53,-8,12,-79,-245,-403,-1224,-3068,-3695,-1760,1420,2406,514,-1359,-772,352,353,-244,-401,157,-38,-786,-764,7,334,38,-267,0,306],"f1":4166,"f2":8171,"f3":7071,"fpi":48021,"ldeC1":109,"ldeC2":1543,"ldePPA":8170,"ldePPI":752,"ldeRADC":16505,"ldeRCC":10484,"ldeT":827,"maxGrowthCIR":1810,"maxNoise":827,"pA":117,"rxPreamCount":125,"stdNoise":32,"tI":33292288,"tO":524170},"app":"DS TWR RESP DW1000","co":-6765,"d":11.824389,"err":560,"errors":{"ARFE":0,"CRCB":5,"CRCG":888,"HPW":0,"OVER":0,"PHE":138,"PTO":36,"RSL":255,"RTO":8,"SFDTO":118,"TXF":651,"TXW":651},"oth":245526,"sn":1385,"sn_tx":139,"t":61239,"unexp":419,"unix":1618929223.39077}
{"a":{"accI":[-19,-81,32,68,67,52,234,1785,5290,6893,5731,369,-3301,-1564,1588,1877,-188,-992,-1179,-1081,-1177,-836,-584,-1207,-1495,-756,91,366,96,-715],"accR":[67,50,59,79,60,53,-27,-157,-270,165,956,1073,27,-1067,-826,-61,206,-12,-43,-272,-706,-849,-191,284,23,-96,436,851,512,-373],"f1":5949,"f2":6913,"f3":5342,"fpi":47647,"ldeC1":109,"ldeC2":1543,"ldePPA":6912,"ldePPI":746,"ldeRADC":16505,"ldeRCC":10484,"ldeT":665,"maxGrowthCIR":1215,"maxNoise":665,"pA":20,"rxPreamCount":117,"stdNoise":28,"tI":33292288,"tO":524179},"app":"DS TWR RESP DW1000","co":-6413,"d":14.521345,"err":575,"errors":{"ARFE":0,"CRCB":6,"CRCG":2239,"HPW":0,"OVER":0,"PHE":144,"PTO":39,"RSL":259,"RTO":8,"SFDTO":119,"TXF":718,"TXW":718},"oth":254942,"sn":1526,"sn_tx":206,"t":63495,"unexp":478,"unix":1618929225.64756}
{"a":{"accI":[86,-11,-83,-33,26,91,635,3588,7138,7350,1604,-4898,-4770,-281,1932,606,-277,-114,183,138,-251,-279,98,502,-113,-675,-1021,-711,-455,-376],"accR":[-65,-7,-1,-6,16,-44,-111,-430,-644,-547,-543,-565,253,1325,2148,1880,1362,1252,1131,1021,382,-615,-1454,-944,73,580,312,-279,-319,125],"f1":1720,"f2":7467,"f3":7279,"fpi":53893,"ldeC1":109,"ldeC2":1543,"ldePPA":7466,"ldePPI":844,"ldeRADC":16505,"ldeRCC":10484,"ldeT":762,"maxGrowthCIR":1437,"maxNoise":762,"pA":123,"rxPreamCount":124,"stdNoise":32,"tI":33292288,"tO":524187},"app":"DS TWR RESP DW1000","co":-6597,"d":6.224103,"err":576,"errors":{"ARFE":0,"CRCB":6,"CRCG":2279,"HPW":0,"OVER":0,"PHE":144,"PTO":39,"RSL":260,"RTO":8,"SFDTO":119,"TXF":745,"TXW":745},"oth":259024,"sn":1587,"sn_tx":233,"t":64471,"unexp":504,"unix":1618929226.61997}
{"a":{"accI":[-47,-55,26,14,38,10,122,1046,4559,6348,4751,-957,-4947,-2654,668,1054,-188,-487,-131,-154,-553,-881,-283,508,598,-187,-822,-790,-168,104],"accR":[-53,42,18,7,-28,-14,77,579,2759,4754,4751,697,-2957,-1509,1607,1963,504,70,741,866,240,-750,-1092,-638,-84,26,-103,-305,-447,-263],"f1":5927,"f2":7524,"f3":5236,"fpi":52332,"ldeC1":109,"ldeC2":1543,"ldePPA":7523,"ldePPI":819,"ldeRADC":16505,"ldeRCC":10484,"ldeT":578,"maxGrowthCIR":1340,"maxNoise":578,"pA":127,"rxPreamCount":124,"stdNoise":24,"tI":33292288,"tO":524170},"app":"DS TWR RESP DW1000","co":-6603,"d":15.665792,"err":576,"errors":{"ARFE":0,"CRCB":6,"CRCG":2533,"HPW":0,"OVER":0,"PHE":144,"PTO":39,"RSL":260,"RTO":8,"SFDTO":119,"TXF":747,"TXW":747},"oth":259274,"sn":1591,"sn_tx":235,"t":64535,"unexp":505,"unix":1618929226.6883}
{"a":{"accI":[-50,-30,-67,-2,-44,20,616,3277,6391,6497,2973,-2599,-2832,798,2303,489,-539,-145,618,972,566,270,-119,-546,-463,-200,162,226,-162,-476],"accR":[113,103,28,18,11,-1,-356,-1774,-3438,-4541,-5161,-2039,973,602,-795,-443,338,283,-553,-1096,-603,424,1140,1147,322,-124,-539,-748,-593,44],"f1":5904,"f2":7618,"f3":7236,"fpi":47749,"ldeC1":109,"ldeC2":1543,"ldePPA":7617,"ldePPI":748,"ldeRADC":16505,"ldeRCC":10484,"ldeT":623,"maxGrowthCIR":1555,"maxNoise":623,"pA":17,"rxPreamCount":117,"stdNoise":24,"tI":33292288,"tO":524190},"app":"DS TWR RESP DW1000","co":-6659,"d":17.011925,"err":584,"errors":{"ARFE":0,"CRCB":6,"CRCG":3450,"HPW":0,"OVER":0,"PHE":148,"PTO":40,"RSL":263,"RTO":8,"SFDTO":119,"TXF":780,"TXW":780},"oth":264224,"sn":1665,"sn_tx":12,"t":65719,"unexp":534,"unix":1618929227.87325}
{"a":{"accI":[26,29,30,-55,14,64,7,-169,-1203,-3349,-5251,-5397,-1035,2525,2054,-92,-1397,-1439,-592,391,670,342,363,733,900,339,90,7,-28,44],"accR":[-29,-136,-44,-17,-66,-108,56,820,3849,6503,6117,1754,-3178,-1782,2192,2475,-185,-1291,-570,232,666,662,472,-394,-1516,-1185,-366,250,577,471],"f1":7418,"f2":7329,"f3":4138,"fpi":46525,"ldeC1":109,"ldeC2":1543,"ldePPA":7417,"ldePPI":729,"ldeRADC":16505,"ldeRCC":10484,"ldeT":579,"maxGrowthCIR":692,"maxNoise":579,"pA":3,"rxPreamCount":125,"stdNoise":24,"tI":33292288,"tO":524155},"app":"DS TWR RESP DW1000","co":-6889,"d":17.387154,"err":584,"errors":{"ARFE":0,"CRCB":6,"CRCG":692,"HPW":0,"OVER":0,"PHE":148,"PTO":40,"RSL":263,"RTO":8,"SFDTO":119,"TXF":790,"TXW":790},"oth":265542,"sn":1685,"sn_tx":22,"t":66039,"unexp":543,"unix":1618929228.19448}
{"a":{"accI":[35,26,21,19,-2,-34,197,1398,3898,5111,4283,-837,-5251,-2897,300,1224,445,199,302,224,377,1004,772,34,-479,-338,-229,-298,-352,-458],"accR":[74,94,85,29,-6,26,-344,-2332,-5706,-6258,-5233,170,3209,1573,-403,-667,-187,-56,-94,-186,-459,-863,-717,140,578,653,802,533,251,785],"f1":6311,"f2":7543,"f3":6688,"fpi":48017,"ldeC1":109,"ldeC2":1543,"ldePPA":7542,"ldePPI":752,"ldeRADC":16505,"ldeRCC":10484,"ldeT":724,"maxGrowthCIR":1630,"maxNoise":724,"pA":17,"rxPreamCount":117,"stdNoise":28,"tI":33292288,"tO":524144},"app":"DS TWR RESP DW1000","co":-6516,"d":17.912474,"err":590,"errors":{"ARFE":0,"CRCB":6,"CRCG":2366,"HPW":0,"OVER":0,"PHE":148,"PTO":40,"RSL":268,"RTO":8,"SFDTO":120,"TXF":802,"TXW":802},"oth":267194,"sn":1710,"sn_tx":34,"t":66439,"unexp":552,"unix":1618929228.59474}
{"a":{"accI":[121,11,-13,-13,-8,2,7,25,87,161,195,49,-66,-52,-132,-14,144,205,174,49,-21,-42,-47,-12,-26,-44,-99,-64,-39,33],"accR":[34,-15,-6,3,-8,0,-9,151,348,369,9,-248,-104,166,77,-83,-187,-11,74,-6,-45,-8,51,124,60,-13,-67,-52,-16,-52],"f1":191,"f2":398,"f3":358,"fpi":47957,"ldeC1":109,"ldeC2":1543,"ldePPA":4814,"ldePPI":815,"ldeRADC":16505,"ldeRCC":10484,"ldeT":348,"maxGrowthCIR":780,"maxNoise":348,"pA":34,"rxPreamCount":116,"stdNoise":20,"tI":33292288,"tO":524204},"app":"DS TWR RESP DW1000","co":-6381,"d":14.103903,"err":600,"errors":{"ARFE":0,"CRCB":7,"CRCG":276,"HPW":0,"OVER":0,"PHE":151,"PTO":42,"RSL":272,"RTO":8,"SFDTO":120,"TXF":842,"TXW":842},"oth":273219,"sn":1800,"sn_tx":74,"t":67879,"unexp":588,"unix":1618929230.0323}
{"a":{"accI":[-21,122,108,72,-14,-52,-344,-1664,-4089,-4321,-1093,875,-523,-1834,-728,804,856,-389,-1153,-701,-216,-647,-854,8,791,280,-673,-556,165,560],"accR":[18,36,50,-71,-3,-48,-139,-723,-2438,-4593,-4150,-291,3548,3362,385,-1513,-805,842,1635,1039,548,502,505,283,-56,-182,-139,-377,-806,-759],"f1":4442,"f2":5692,"f3":4716,"fpi":52631,"ldeC1":109,"ldeC2":1543,"ldePPA":5691,"ldePPI":824,"ldeRADC":16505,"ldeRCC":10484,"ldeT":426,"maxGrowthCIR":931,"maxNoise":426,"pA":5,"rxPreamCount":124,"stdNoise":24,"tI":33292288,"tO":524169},"app":"DS TWR RESP DW1000","co":-6508,"d":20.009062,"err":600,"errors":{"ARFE":0,"CRCB":7,"CRCG":1887,"HPW":0,"OVER":0,"PHE":151,"PTO":42,"RSL":272,"RTO":8,"SFDTO":120,"TXF":854,"TXW":854},"oth":274806,"sn":1824,"sn_tx":86,"t":68263,"unexp":599,"unix":1618929230.41519}
{"a":{"accI":[71,61,-8,5,20,10,-228,-1044,-2398,-2053,616,2759,2205,15,-756,16,271,-387,-583,-187,154,-38,-457,-399,128,519,345,50,46,129],"accR":[-37,7,-13,26,74,32,-265,-1647,-4724,-6713,-5493,-221,3567,2075,-423,-698,581,859,788,448,-135,-428,-217,241,388,402,560,332,-6,76],"f1":5649,"f2":7235,"f3":5332,"fpi":47845,"ldeC1":109,"ldeC2":1543,"ldePPA":7234,"ldePPI":749,"ldeRADC":16505,"ldeRCC":10484,"ldeT":577,"maxGrowthCIR":1234,"maxNoise":577,"pA":18,"rxPreamCount":117,"stdNoise":24,"tI":33292288,"tO":524176},"app":"DS TWR RESP DW1000","co":-6540,"d":20.496859,"err":602,"errors":{"ARFE":0,"CRCB":7,"CRCG":3294,"HPW":0,"OVER":0,"PHE":151,"PTO":42,"RSL":274,"RTO":8,"SFDTO":120,"TXF":864,"TXW":864},"oth":276194,"sn":1845,"sn_tx":96,"t":68599,"unexp":607,"unix":1618929230.75675}
{"a":{"accI":[-72,-15,81,-25,-2,6,395,2214,5882,7332,6290,319,-4039,-2305,814,885,-1046,-1414,-942,-261,-195,-423,-403,-405,3,389,659,124,-570,-318],"accR":[74,92,108,94,2,-8,-208,-1027,-2038,-1558,412,1624,1058,-295,-241,752,617,-752,-1145,-207,586,182,-340,-381,-330,-295,-130,325,499,99],"f1":6369,"f2":7704,"f3":6374,"fpi":51159,"ldeC1":109,"ldeC2":1543,"ldePPA":7703,"ldePPI":801,"ldeRADC":16505,"ldeRCC":10484,"ldeT":577,"maxGrowthCIR":1433,"maxNoise":577,"pA":118,"rxPreamCount":125,"stdNoise":24,"tI":33292288,"tO":524134},"app":"DS TWR RESP DW1000","co":-6499,"d":20.665712,"err":604,"errors":{"ARFE":0,"CRCB":7,"CRCG":4095,"HPW":0,"OVER":0,"PHE":151,"PTO":43,"RSL":275,"RTO":8,"SFDTO":120,"TXF":869,"TXW":869},"oth":276985,"sn":1857,"sn_tx":101,"t":68791,"unexp":611,"unix":1618929230.94385}
{"a":{"accI":[14,-10,4,27,6,-23,20,190,299,286,68,-140,-80,51,0,-8,-20,-1,-3,33,39,54,44,75,20,45,87,73,3,6],"accR":[-31,48,21,24,-10,12,80,-30,-234,-278,-157,108,271,222,44,15,-2,-152,-95,-39,43,88,12,-28,86,157,77,31,22,28],"f1":181,"f2":358,"f3":360,"fpi":47760,"ldeC1":109,"ldeC2":1543,"ldePPA":5516,"ldePPI":781,"ldeRADC":16505,"ldeRCC":10484,"ldeT":341,"maxGrowthCIR":1122,"maxNoise":341,"pA":86,"rxPreamCount":133,"stdNoise":20,"tI":33292288,"tO":524187},"app":"DS TWR RESP DW1000","co":-6585,"d":17.274584,"err":608,"errors":{"ARFE":0,"CRCB":7,"CRCG":307,"HPW":0,"OVER":0,"PHE":152,"PTO":43,"RSL":278,"RTO":8,"SFDTO":120,"TXF":898,"TXW":898},"oth":281332,"sn":1922,"sn_tx":130,"t":69831,"unexp":638,"unix":1618929231.98181}
{"a":{"accI":[-28,-3,64,36,-42,-3,244,978,2211,2542,664,-1436,-1083,715,1308,-176,-1423,-966,-36,260,215,79,-251,-622,-413,-175,-155,-298,-339,-165],"accR":[-27,-12,-7,14,-23,-68,-47,-273,-1178,-2915,-4145,-3657,-1723,1027,3085,2863,912,-468,-39,893,785,35,-490,-450,-221,-24,18,79,192,148],"f1":4314,"f2":3553,"f3":2499,"fpi":54251,"ldeC1":109,"ldeC2":1543,"ldePPA":4313,"ldePPI":850,"ldeRADC":16505,"ldeRCC":10484,"ldeT":303,"maxGrowthCIR":592,"maxNoise":303,"pA":16,"rxPreamCount":116,"stdNoise":20,"tI":33292288,"tO":524192},"app":"DS TWR RESP DW1000","co":-6615,"d":24.732252,"err":620,"errors":{"ARFE":0,"CRCB":7,"CRCG":1681,"HPW":0,"OVER":0,"PHE":157,"PTO":48,"RSL":280,"RTO":8,"SFDTO":120,"TXF":987,"TXW":987},"oth":294820,"sn":2123,"sn_tx":219,"t":73047,"unexp":722,"unix":1618929235.20034}
{"a":{"accI":[-46,23,18,6,21,136,563,1645,2122,198,-2524,-3441,-1662,358,1162,1053,1027,859,67,-848,-868,-374,-312,-466,-161,262,182,-394,-543,-136],"accR":[-1,25,-43,-8,32,-12,-424,-1876,-3980,-4491,-2239,830,1396,-261,-1351,-107,1551,1685,780,75,-149,-295,-269,111,590,929,920,685,148,-177],"f1":3093,"f2":4555,"f3":4525,"fpi":47817,"ldeC1":109,"ldeC2":1543,"ldePPA":4554,"ldePPI":749,"ldeRADC":16505,"ldeRCC":10484,"ldeT":381,"maxGrowthCIR":874,"maxNoise":381,"pA":12,"rxPreamCount":117,"stdNoise":24,"tI":33292288,"tO":524168},"app":"DS TWR RESP DW1000","co":-6647,"d":21.589712,"err":637,"errors":{"ARFE":0,"CRCB":7,"CRCG":607,"HPW":0,"OVER":0,"PHE":162,"PTO":53,"RSL":286,"RTO":8,"SFDTO":121,"TXF":1083,"TXW":1083},"oth":309943,"sn":2348,"sn_tx":59,"t":76647,"unexp":812,"unix":1618929238.79803}
{"a":{"accI":[11,28,37,52,34,91,635,2116,3806,2947,-264,-2707,-1653,796,1579,380,-489,-201,-111,-858,-1347,-1049,-697,-439,-232,-226,-319,-109,249,684],"accR":[-1,18,83,20,24,80,-145,-996,-2802,-4214,-3777,-1476,19,-342,-1129,-354,1344,1884,1022,-73,-385,-95,192,468,882,1344,1142,383,-35,-244],"f1":3854,"f2":4957,"f3":4499,"fpi":47561,"ldeC1":109,"ldeC2":1543,"ldePPA":4956,"ldePPI":745,"ldeRADC":16505,"ldeRCC":10484,"ldeT":325,"maxGrowthCIR":1025,"maxNoise":325,"pA":121,"rxPreamCount":125,"stdNoise":20,"tI":33292288,"tO":524142},"app":"DS TWR RESP DW1000","co":-6601,"d":21.509977,"err":638,"errors":{"ARFE":0,"CRCB":7,"CRCG":860,"HPW":0,"OVER":0,"PHE":162,"PTO":53,"RSL":287,"RTO":8,"SFDTO":121,"TXF":1085,"TXW":1085},"oth":310192,"sn":2352,"sn_tx":61,"t":76711,"unexp":813,"unix":1618929238.86421}
{"a":{"accI":[60,89,14,47,5,-108,-609,-2237,-4625,-5076,-3181,-990,-549,-1323,-1217,141,1085,635,-227,-158,304,101,-133,201,819,1156,1084,815,166,-275],"accR":[-43,41,72,25,10,-96,-939,-2231,-2458,-521,1366,1084,-457,-887,-301,-304,-765,-540,307,749,500,434,542,586,407,202,79,19,230,60],"f1":3535,"f2":5223,"f3":5257,"fpi":49930,"ldeC1":109,"ldeC2":1543,"ldePPA":5256,"ldePPI":781,"ldeRADC":16505,"ldeRCC":10484,"ldeT":344,"maxGrowthCIR":939,"maxNoise":344,"pA":121,"rxPreamCount":125,"stdNoise":20,"tI":33292288,"tO":524174},"app":"DS TWR RESP DW1000","co":-6802,"d":15.876858,"err":640,"errors":{"ARFE":0,"CRCB":7,"CRCG":2208,"HPW":0,"OVER":0,"PHE":162,"PTO":53,"RSL":289,"RTO":8,"SFDTO":121,"TXF":1093,"TXW":1093},"oth":311524,"sn":2372,"sn_tx":69,"t":77031,"unexp":820,"unix":1618929239.18267}
{"a":{"accI":[54,131,208,-25,-93,-37,144,974,2985,4615,3154,-289,-1269,867,2711,1663,-286,-433,472,832,380,-189,-656,-595,62,486,201,-422,-779,-546],"accR":[-92,-199,-60,176,54,14,180,1030,2503,1662,-1660,-3553,-1544,1254,1680,-22,-1200,-575,225,729,1083,1299,798,-130,-781,-525,111,507,181,-251],"f1":3558,"f2":5015,"f3":3595,"fpi":48233,"ldeC1":109,"ldeC2":1543,"ldePPA":5014,"ldePPI":755,"ldeRADC":16505,"ldeRCC":10484,"ldeT":405,"maxGrowthCIR":991,"maxNoise":405,"pA":120,"rxPreamCount":125,"stdNoise":24,"tI":33292288,"tO":524182},"app":"DS TWR RESP DW1000","co":-6887,"d":-3.710072,"err":647,"errors":{"ARFE":0,"CRCB":7,"CRCG":211,"HPW":0,"OVER":0,"PHE":166,"PTO":55,"RSL":290,"RTO":8,"SFDTO":121,"TXF":1118,"TXW":1118},"oth":317669,"sn":2462,"sn_tx":94,"t":78471,"unexp":844,"unix":1618929240.62274}
{"a":{"accI":[37,32,1,-74,-41,-23,-152,-839,-1978,-1241,2014,3789,2123,309,667,1286,318,-1027,-944,185,811,154,-803,-956,-473,-39,-34,-148,-212,-330],"accR":[-3,51,52,68,20,52,86,1076,3818,6663,6051,1061,-3191,-1864,1649,2609,766,-603,-615,-120,-101,-266,-270,132,155,-395,-701,-443,347,592],"f1":6540,"f2":6967,"f3":4306,"fpi":52984,"ldeC1":109,"ldeC2":1543,"ldePPA":6966,"ldePPI":829,"ldeRADC":16505,"ldeRCC":10484,"ldeT":469,"maxGrowthCIR":1257,"maxNoise":469,"pA":121,"rxPreamCount":124,"stdNoise":20,"tI":33292288,"tO":524143},"app":"DS TWR RESP DW1000","co":-6465,"d":19.080372,"err":649,"errors":{"ARFE":0,"CRCB":7,"CRCG":2437,"HPW":0,"OVER":0,"PHE":166,"PTO":56,"RSL":291,"RTO":8,"SFDTO":121,"TXF":1133,"TXW":1133},"oth":319865,"sn":2495,"sn_tx":109,"t":78999,"unexp":858,"unix":1618929241.15078}
{"a":{"accI":[-23,-54,-30,26,29,-57,-608,-2019,-2633,-1373,534,525,-697,-1143,-54,913,394,-465,-570,-68,204,113,-164,-429,-719,-863,-329,262,160,-609],"accR":[-1,-1,47,-19,4,-7,741,3208,6375,7187,3277,-2036,-2665,650,2820,1713,182,-93,-220,-738,-1002,-322,302,-54,-619,-441,-75,155,116,-178],"f1":3397,"f2":7513,"f3":7016,"fpi":50630,"ldeC1":109,"ldeC2":1543,"ldePPA":7512,"ldePPI":793,"ldeRADC":16505,"ldeRCC":10484,"ldeT":486,"maxGrowthCIR":1443,"maxNoise":486,"pA":113,"rxPreamCount":125,"stdNoise":20,"tI":33292288,"tO":524145},"app":"DS TWR RESP DW1000","co":-6849,"d":18.677002,"err":651,"errors":{"ARFE":0,"CRCB":7,"CRCG":3773,"HPW":0,"OVER":0,"PHE":167,"PTO":57,"RSL":291,"RTO":8,"SFDTO":121,"TXF":1143,"TXW":1143},"oth":321182,"sn":2515,"sn_tx":119,"t":79319,"unexp":866,"unix":1618929241.46941}
{"a":{"accI":[11,81,47,-36,-18,30,-204,-1419,-4009,-5469,-4414,-1032,1292,87,-1957,-1411,768,1317,284,-905,-845,-44,47,-333,-493,-73,225,136,355,767],"accR":[73,-76,8,79,8,34,119,817,2642,4259,4363,1263,-1615,-669,1527,1616,13,-502,-226,-168,-369,-294,-145,-504,-1249,-1173,-468,244,624,411],"f1":5522,"f2":6551,"f3":4687,"fpi":44393,"ldeC1":109,"ldeC2":1543,"ldePPA":6550,"ldePPI":695,"ldeRADC":16505,"ldeRCC":10484,"ldeT":506,"maxGrowthCIR":229,"maxNoise":506,"pA":11,"rxPreamCount":125,"stdNoise":24,"tI":33292288,"tO":524255},"app":"DS TWR RESP DW1000","co":-6703,"d":16.481915,"err":666,"errors":{"ARFE":0,"CRCB":7,"CRCG":3917,"HPW":0,"OVER":0,"PHE":169,"PTO":61,"RSL":299,"RTO":8,"SFDTO":122,"TXF":1199,"TXW":1199},"oth":329409,"sn":2638,"sn_tx":175,"t":81287,"unexp":918,"unix":1618929243.4408}
{"a":{"accI":[0,-24,33,61,84,44,-205,-1066,-2702,-3601,-1784,605,747,-647,-1094,213,887,20,-818,-326,671,1125,891,705,907,926,672,641,902,1005],"accR":[-19,-9,57,23,1,19,114,1050,3178,4199,1297,-2740,-3057,-174,1968,1084,-433,-303,948,1645,1138,397,143,448,650,24,-821,-915,-125,362],"f1":2118,"f2":5088,"f3":3843,"fpi":47715,"ldeC1":109,"ldeC2":1543,"ldePPA":5087,"ldePPI":747,"ldeRADC":16505,"ldeRCC":10484,"ldeT":344,"maxGrowthCIR":803,"maxNoise":344,"pA":127,"rxPreamCount":125,"stdNoise":20,"tI":33292288,"tO":524183},"app":"DS TWR RESP DW1000","co":-6679,"d":14.282137,"err":669,"errors":{"ARFE":0,"CRCB":7,"CRCG":3136,"HPW":0,"OVER":0,"PHE":171,"PTO":61,"RSL":299,"RTO":8,"SFDTO":123,"TXF":1221,"TXW":1221},"oth":332681,"sn":2687,"sn_tx":197,"t":82071,"unexp":938,"unix":1618929244.22513}
{"a":{"accI":[-66,53,117,33,-19,-1,-272,-1519,-3915,-4916,-3584,-420,723,-812,-2103,-1314,107,806,1131,1142,968,398,170,666,1489,1387,534,-512,-743,111],"accR":[9,7,9,-28,12,-64,-511,-2100,-3880,-2886,444,2316,1064,-654,-125,1324,1409,288,-406,-277,37,81,-330,-963,-1041,-400,252,360,-158,-477],"f1":3698,"f2":5646,"f3":4893,"fpi":47881,"ldeC1":109,"ldeC2":1543,"ldePPA":5645,"ldePPI":750,"ldeRADC":16505,"ldeRCC":10484,"ldeT":483,"maxGrowthCIR":968,"maxNoise":483,"pA":16,"rxPreamCount":116,"stdNoise":24,"tI":33292288,"tO":524175},"app":"DS TWR RESP DW1000","co":-6486,"d":-57.119167,"err":671,"errors":{"ARFE":0,"CRCB":7,"CRCG":1007,"HPW":0,"OVER":0,"PHE":173,"PTO":61,"RSL":299,"RTO":8,"SFDTO":123,"TXF":1232,"TXW":1232},"oth":334626,"sn":2716,"sn_tx":208,"t":82535,"unexp":948,"unix":1618929244.68825}
{"a":{"accI":[-12,14,-3,-32,-48,-66,-75,-421,-1775,-3843,-5129,-3157,203,1555,-64,-1388,-524,1021,1299,438,-346,-299,-7,246,320,250,345,612,459,-24],"accR":[-11,25,23,54,29,14,-108,-1027,-3269,-4761,-3260,164,1862,805,-311,-111,432,-8,-279,-172,107,216,570,1160,1941,1617,322,-644,-760,-289],"f1":5961,"f2":5744,"f3":3735,"fpi":47219,"ldeC1":109,"ldeC2":1543,"ldePPA":5960,"ldePPI":740,"ldeRADC":16505,"ldeRCC":10484,"ldeT":453,"maxGrowthCIR":1097,"maxNoise":453,"pA":119,"rxPreamCount":125,"stdNoise":24,"tI":33292288,"tO":524178},"app":"DS TWR RESP DW1000","co":-6993,"d":1.341442,"err":671,"errors":{"ARFE":0,"CRCB":7,"CRCG":2074,"HPW":0,"OVER":0,"PHE":173,"PTO":61,"RSL":299,"RTO":8,"SFDTO":123,"TXF":1240,"TXW":1240},"oth":335677,"sn":2732,"sn_tx":216,"t":82791,"unexp":955,"unix":1618929244.94221}
{"a":{"accI":[-5,-6,-51,-30,-34,7,14,-201,-409,-362,47,399,209,-64,-13,226,167,-21,-123,-12,129,44,-97,-132,-80,-16,54,68,-7,8],"accR":[-14,54,44,-2,-13,14,135,267,395,424,18,-305,-260,-67,117,55,131,163,51,-44,-89,-46,-87,-77,-54,-20,-30,-54,-17,6],"f1":41,"f2":511,"f3":515,"fpi":47880,"ldeC1":109,"ldeC2":1543,"ldePPA":5881,"ldePPI":845,"ldeRADC":16505,"ldeRCC":10484,"ldeT":369,"maxGrowthCIR":747,"maxNoise":369,"pA":98,"rxPreamCount":132,"stdNoise":20,"tI":33292288,"tO":524247},"app":"DS TWR RESP DW1000","co":-6825,"d":5.642499,"err":674,"errors":{"ARFE":0,"CRCB":7,"CRCG":1883,"HPW":0,"OVER":0,"PHE":173,"PTO":61,"RSL":302,"RTO":8,"SFDTO":123,"TXF":1258,"TXW":1258},"oth":339547,"sn":2789,"sn_tx":234,"t":83703,"unexp":971,"unix":1618929245.85668}
{"a":{"accI":[40,33,74,41,-80,62,948,3461,5923,5474,2770,-668,-751,870,597,-909,-958,-116,237,-3,-167,66,160,-178,-899,-1167,-1168,-455,377,528],"accR":[-26,30,65,31,22,-15,-473,-2075,-4397,-5125,-3177,1515,3056,429,-1031,-448,631,341,-279,-167,421,257,-346,-714,-380,22,393,553,246,29],"f1":3879,"f2":6740,"f3":7007,"fpi":55105,"ldeC1":109,"ldeC2":1543,"ldePPA":7006,"ldePPI":862,"ldeRADC":16505,"ldeRCC":10484,"ldeT":554,"maxGrowthCIR":0,"maxNoise":554,"pA":118,"rxPreamCount":124,"stdNoise":24,"tI":33292288,"tO":524224},"app":"DS TWR RESP DW1000","co":-6781,"d":12.138643,"err":682,"errors":{"ARFE":0,"CRCB":7,"CRCG":1251,"HPW":0,"OVER":0,"PHE":174,"PTO":62,"RSL":307,"RTO":8,"SFDTO":124,"TXF":1303,"TXW":1303},"oth":347020,"sn":2900,"sn_tx":23,"t":85479,"unexp":1012,"unix":1618929247.63147}
{"a":{"accI":[23,68,-32,-7,12,-10,-39,-404,-2028,-3964,-4350,-1505,2127,2520,245,-1005,-757,147,367,-219,-382,143,514,142,-361,-262,49,255,307,461],"accR":[3,-21,-13,-6,47,27,-150,-887,-3975,-6586,-6250,-2459,1994,3253,1515,358,185,-91,-471,-433,153,182,-497,-716,-178,384,712,788,623,469],"f1":7340,"f2":7580,"f3":4485,"fpi":45818,"ldeC1":109,"ldeC2":1543,"ldePPA":7579,"ldePPI":717,"ldeRADC":16505,"ldeRCC":10484,"ldeT":674,"maxGrowthCIR":377,"maxNoise":674,"pA":123,"rxPreamCount":125,"stdNoise":28,"tI":33292288,"tO":524118},"app":"DS TWR RESP DW1000","co":-6929,"d":11.951029,"err":683,"errors":{"ARFE":0,"CRCB":7,"CRCG":1775,"HPW":0,"OVER":0,"PHE":175,"PTO":62,"RSL":307,"RTO":8,"SFDTO":124,"TXF":1307,"TXW":1307},"oth":347536,"sn":2908,"sn_tx":27,"t":85607,"unexp":1015,"unix":1618929247.76398}
{"a":{"accI":[49,137,48,45,44,70,132,793,1576,1156,-111,-322,242,493,115,-1268,-2285,-1124,774,1016,197,-564,-294,262,182,-120,63,105,-196,-669],"accR":[-48,-80,39,1,-6,45,-164,-1569,-4803,-6099,-3104,623,1080,-2020,-4600,-3482,96,2629,2613,127,-1416,-1240,-112,230,310,668,1115,814,229,-98],"f1":3143,"f2":6392,"f3":5201,"fpi":54938,"ldeC1":109,"ldeC2":1543,"ldePPA":6391,"ldePPI":860,"ldeRADC":16505,"ldeRCC":10484,"ldeT":904,"maxGrowthCIR":0,"maxNoise":904,"pA":114,"rxPreamCount":124,"stdNoise":44,"tI":33292288,"tO":524122},"app":"DS TWR RESP DW1000","co":-6810,"d":9.619922,"err":695,"errors":{"ARFE":0,"CRCB":7,"CRCG":3011,"HPW":0,"OVER":0,"PHE":179,"PTO":64,"RSL":312,"RTO":8,"SFDTO":125,"TXF":1370,"TXW":1370},"oth":356843,"sn":3047,"sn_tx":90,"t":87831,"unexp":1072,"unix":1618929249.98514}
{"a":{"accI":[-97,11,33,13,73,38,83,713,2462,4086,2233,-1537,-3330,-1380,545,1338,1264,501,-773,-808,553,1656,1213,14,43,748,407,-511,-777,-34],"accR":[18,37,28,72,70,-52,126,1475,4177,5575,2265,-2213,-3633,-410,2232,1935,-205,-1415,-623,485,270,-391,-39,252,-209,-897,-925,-371,401,317],"f1":2812,"f2":6586,"f3":4782,"fpi":50021,"ldeC1":109,"ldeC2":1543,"ldePPA":6585,"ldePPI":783,"ldeRADC":16505,"ldeRCC":10484,"ldeT":591,"maxGrowthCIR":1806,"maxNoise":591,"pA":122,"rxPreamCount":124,"stdNoise":28,"tI":33292288,"tO":524192},"app":"DS TWR RESP DW1000","co":-6547,"d":9.577709,"err":696,"errors":{"ARFE":0,"CRCB":7,"CRCG":3264,"HPW":0,"OVER":0,"PHE":179,"PTO":65,"RSL":312,"RTO":8,"SFDTO":125,"TXF":1372,"TXW":1372},"oth":357092,"sn":3051,"sn_tx":92,"t":87895,"unexp":1073,"unix":1618929250.04506}
{"a":{"accI":[47,-49,36,1,18,33,73,1228,4419,6955,4774,-1290,-4747,-1525,2112,2703,792,-716,-1481,-1088,-72,306,-32,-722,-864,-655,-1119,-1328,-774,-116],"accR":[51,29,79,37,-68,-72,41,-15,-488,-1785,-2853,-1948,-134,190,-1264,-2947,-3068,-1540,223,957,608,-38,-183,-38,299,136,112,272,565,746],"f1":5487,"f2":7401,"f3":4541,"fpi":47353,"ldeC1":109,"ldeC2":1543,"ldePPA":7400,"ldePPI":741,"ldeRADC":16505,"ldeRCC":10484,"ldeT":768,"maxGrowthCIR":1928,"maxNoise":768,"pA":116,"rxPreamCount":124,"stdNoise":32,"tI":33292288,"tO":524116},"app":"DS TWR RESP DW1000","co":-6688,"d":9.46045,"err":697,"errors":{"ARFE":0,"CRCB":7,"CRCG":3788,"HPW":0,"OVER":0,"PHE":179,"PTO":65,"RSL":313,"RTO":8,"SFDTO":125,"TXF":1376,"TXW":1376},"oth":357608,"sn":3059,"sn_tx":96,"t":88023,"unexp":1076,"unix":1618929250.17563}
{"a":{"accI":[37,-5,74,96,63,-23,-179,-783,-1202,-71,2598,3514,1550,47,856,2775,2590,656,-835,-1110,-236,178,-31,-400,-316,-293,-542,-575,17,249],"accR":[37,-13,-16,-64,-2,69,518,2594,6334,6942,4871,-1296,-4051,-758,2861,3140,444,-914,-1039,-131,251,-1,-522,-270,-28,144,254,-146,-1275,-1228],"f1":5502,"f2":6949,"f3":6624,"fpi":48015,"ldeC1":109,"ldeC2":1543,"ldePPA":6948,"ldePPI":752,"ldeRADC":16505,"ldeRCC":10484,"ldeT":856,"maxGrowthCIR":1689,"maxNoise":856,"pA":11,"rxPreamCount":116,"stdNoise":36,"tI":33292288,"tO":524177},"app":"DS TWR RESP DW1000","co":-6714,"d":9.118053,"err":700,"errors":{"ARFE":0,"CRCB":7,"CRCG":1092,"HPW":0,"OVER":0,"PHE":179,"PTO":65,"RSL":316,"RTO":8,"SFDTO":125,"TXF":1387,"TXW":1387},"oth":358988,"sn":3080,"sn_tx":107,"t":88359,"unexp":1084,"unix":1618929250.51232}
{"a":{"accI":[45,-20,-24,-23,-54,-64,-35,-797,-2657,-3870,-2944,383,3437,1404,-1314,-2667,-609,1287,1292,94,-896,-939,-972,-928,-29,1174,749,-447,-1341,-535],"accR":[-85,-10,91,77,21,-51,62,1203,4338,6544,5996,1763,-2791,-2160,376,2357,2130,422,-2029,-3758,-2178,317,701,118,206,479,378,-233,-638,-277],"f1":6726,"f2":7505,"f3":4996,"fpi":46832,"ldeC1":109,"ldeC2":1543,"ldePPA":7504,"ldePPI":733,"ldeRADC":16505,"ldeRCC":10484,"ldeT":1041,"maxGrowthCIR":1797,"maxNoise":1041,"pA":113,"rxPreamCount":124,"stdNoise":44,"tI":33292288,"tO":524163},"app":"DS TWR RESP DW1000","co":-6707,"d":8.592733,"err":706,"errors":{"ARFE":0,"CRCB":7,"CRCG":2982,"HPW":0,"OVER":0,"PHE":181,"PTO":65,"RSL":318,"RTO":8,"SFDTO":127,"TXF":1398,"TXW":1398},"oth":360857,"sn":3108,"sn_tx":118,"t":88807,"unexp":1093,"unix":1618929250.96044}
{"a":{"accI":[18,-73,-127,-117,33,-13,-100,-1082,-4329,-7320,-6474,-855,3333,2283,-319,-6,1651,1059,-773,-1729,-509,1168,1201,-261,-1048,-649,-379,-109,266,661],"accR":[52,43,-19,-33,-3,-58,-110,-58,188,712,1331,859,30,105,931,1021,202,-657,-961,-1125,-859,235,1498,1106,-304,-769,-213,1,184,732],"f1":6812,"f2":7503,"f3":4381,"fpi":47228,"ldeC1":109,"ldeC2":1543,"ldePPA":7502,"ldePPI":739,"ldeRADC":16505,"ldeRCC":10484,"ldeT":821,"maxGrowthCIR":1894,"maxNoise":821,"pA":81,"rxPreamCount":132,"stdNoise":36,"tI":33292288,"tO":524151},"app":"DS TWR RESP DW1000","co":-6735,"d":8.025201,"err":710,"errors":{"ARFE":0,"CRCB":7,"CRCG":1375,"HPW":0,"OVER":0,"PHE":182,"PTO":66,"RSL":319,"RTO":8,"SFDTO":128,"TXF":1416,"TXW":1416},"oth":363311,"sn":3145,"sn_tx":136,"t":89399,"unexp":1109,"unix":1618929251.55313}
{"a":{"accI":[-36,71,21,56,-29,-25,245,2106,4816,6343,4503,572,-956,-92,79,-875,146,2265,3261,1700,310,172,-458,-1908,-1690,-364,366,38,-353,171],"accR":[37,58,70,-24,-18,85,643,3266,5822,4591,-629,-4458,-3166,-286,570,-167,-932,-1237,-591,747,1493,1119,631,169,-182,-771,-424,606,551,-155],"f1":4637,"f2":7461,"f3":7005,"fpi":52226,"ldeC1":109,"ldeC2":1543,"ldePPA":7460,"ldePPI":818,"ldeRADC":16505,"ldeRCC":10484,"ldeT":740,"maxGrowthCIR":1646,"maxNoise":740,"pA":81,"rxPreamCount":132,"stdNoise":32,"tI":33292288,"tO":524176},"app":"DS TWR RESP DW1000","co":-6677,"d":7.917322,"err":710,"errors":{"ARFE":0,"CRCB":7,"CRCG":1900,"HPW":0,"OVER":0,"PHE":182,"PTO":66,"RSL":319,"RTO":8,"SFDTO":128,"TXF":1420,"TXW":1420},"oth":363828,"sn":3153,"sn_tx":140,"t":89527,"unexp":1112,"unix":1618929251.67932}
{"a":{"accI":[40,77,-3,57,62,101,543,2210,4305,4202,1015,-1463,-1748,-330,791,579,-260,-946,-415,179,463,448,363,392,221,-55,-208,26,-249,-1257],"accR":[24,43,8,-15,22,-45,-578,-2515,-5328,-5549,-1838,1701,1968,508,792,1693,294,-1662,-2126,-517,616,421,58,354,1117,2063,2323,1018,-326,-611],"f1":2102,"f2":6610,"f3":6415,"fpi":47754,"ldeC1":109,"ldeC2":1543,"ldePPA":6609,"ldePPI":748,"ldeRADC":16505,"ldeRCC":10484,"ldeT":729,"maxGrowthCIR":1255,"maxNoise":729,"pA":14,"rxPreamCount":116,"stdNoise":32,"tI":33292288,"tO":524167},"app":"DS TWR RESP DW1000","co":-6570,"d":-51.214008,"err":710,"errors":{"ARFE":0,"CRCB":7,"CRCG":3309,"HPW":0,"OVER":0,"PHE":182,"PTO":66,"RSL":319,"RTO":8,"SFDTO":128,"TXF":1430,"TXW":1430},"oth":365217,"sn":3174,"sn_tx":150,"t":89863,"unexp":1121,"unix":1618929252.01757}
{"a":{"accI":[-10,57,-38,13,5,90,-82,-794,-2871,-3924,-2636,379,2634,1458,-586,-1486,-974,-532,-208,237,400,-217,-555,-204,414,319,-119,-235,132,248],"accR":[-83,-77,-49,25,29,-41,83,1038,4272,6596,6784,2398,-2890,-2630,351,2024,1217,183,-612,-1511,-1366,-183,607,283,-272,-153,-99,-398,-403,-113],"f1":7432,"f2":7566,"f3":4979,"fpi":46769,"ldeC1":109,"ldeC2":1543,"ldePPA":7565,"ldePPI":732,"ldeRADC":16505,"ldeRCC":10484,"ldeT":863,"maxGrowthCIR":1645,"maxNoise":863,"pA":5,"rxPreamCount":124,"stdNoise":36,"tI":33292288,"tO":524162},"app":"DS TWR RESP DW1000","co":-6334,"d":7.012084,"err":711,"errors":{"ARFE":0,"CRCB":7,"CRCG":1363,"HPW":0,"OVER":0,"PHE":183,"PTO":66,"RSL":319,"RTO":8,"SFDTO":128,"TXF":1446,"TXW":1446},"oth":367336,"sn":3206,"sn_tx":166,"t":90375,"unexp":1135,"unix":1618929252.52621}
{"a":{"accI":[6,45,2,13,-27,11,137,909,2768,3643,1711,-1317,-3300,-1613,191,664,385,286,454,325,209,-45,-278,-640,-552,-85,428,-27,-1028,-1443],"accR":[-24,-4,-7,-1,-48,90,-114,-1009,-4157,-6366,-5589,-55,3629,1247,-1281,-449,1142,266,-915,-175,1441,2055,1311,21,-744,-567,-427,-197,-130,-225],"f1":6012,"f2":7272,"f3":4844,"fpi":48048,"ldeC1":109,"ldeC2":1543,"ldePPA":7271,"ldePPI":752,"ldeRADC":16505,"ldeRCC":10484,"ldeT":799,"maxGrowthCIR":1381,"maxNoise":799,"pA":18,"rxPreamCount":116,"stdNoise":32,"tI":33292288,"tO":524174},"app":"DS TWR RESP DW1000","co":-6503,"d":6.763494,"err":712,"errors":{"ARFE":0,"CRCB":7,"CRCG":2229,"HPW":0,"OVER":0,"PHE":183,"PTO":67,"RSL":319,"RTO":8,"SFDTO":128,"TXF":1452,"TXW":1452},"oth":368190,"sn":3219,"sn_tx":172,"t":90583,"unexp":1140,"unix":1618929252.73987}
{"a":{"accI":[45,18,29,40,131,-16,-38,-1051,-4191,-5865,-4086,1003,4123,1757,-568,-340,648,-63,-693,-126,411,456,566,445,29,-339,-581,-265,182,251],"accR":[-76,-80,-41,84,55,143,30,640,3199,5373,5875,1265,-3604,-2900,487,1871,439,-466,-554,-400,-514,-1163,-1578,-1541,-778,100,796,215,-963,-1717],"f1":6879,"f2":7197,"f3":4980,"fpi":53228,"ldeC1":109,"ldeC2":1543,"ldePPA":7196,"ldePPI":833,"ldeRADC":16505,"ldeRCC":10484,"ldeT":831,"maxGrowthCIR":1351,"maxNoise":831,"pA":119,"rxPreamCount":124,"stdNoise":36,"tI":33292288,"tO":524151},"app":"DS TWR RESP DW1000","co":-6705,"d":6.1772,"err":718,"errors":{"ARFE":0,"CRCB":7,"CRCG":267,"HPW":0,"OVER":0,"PHE":186,"PTO":70,"RSL":319,"RTO":8,"SFDTO":128,"TXF":1470,"TXW":1470},"oth":370292,"sn":3251,"sn_tx":190,"t":91095,"unexp":1153,"unix":1618929253.24958}
{"a":{"accI":[140,38,-49,-91,-9,33,415,3555,6837,7240,5726,1287,-1104,-56,804,196,-344,-860,-1853,-2009,-1598,-894,-584,-648,-470,-491,-940,-1559,-1412,-449],"accR":[79,171,187,48,-38,-128,-285,-1680,-3876,-4979,-3630,1313,4038,1342,-1152,-1080,-96,170,332,306,160,34,-119,-483,-179,323,59,-679,-648,209],"f1":6628,"f2":8479,"f3":7800,"fpi":48835,"ldeC1":109,"ldeC2":1543,"ldePPA":8478,"ldePPI":765,"ldeRADC":16505,"ldeRCC":10484,"ldeT":1034,"maxGrowthCIR":2110,"maxNoise":1034,"pA":79,"rxPreamCount":132,"stdNoise":40,"tI":33292288,"tO":524123},"app":"DS TWR RESP DW1000","co":-6721,"d":5.769139,"err":721,"errors":{"ARFE":0,"CRCB":7,"CRCG":1880,"HPW":0,"OVER":0,"PHE":187,"PTO":72,"RSL":319,"RTO":8,"SFDTO":128,"TXF":1481,"TXW":1481},"oth":371883,"sn":3275,"sn_tx":201,"t":91479,"unexp":1163,"unix":1618929253.6305}
{"a":{"accI":[78,-107,-46,-5,-25,57,38,622,4155,6810,7345,3888,-2938,-4012,-401,1313,206,-598,-322,635,1717,969,-142,-518,-107,5,-62,-376,-387,90],"accR":[160,-2,35,105,26,85,11,606,3192,4119,1908,-2547,-4333,-1234,543,28,-1356,-882,-344,-739,-1194,-1129,-365,90,130,-402,-532,-326,456,813],"f1":7816,"f2":7833,"f3":4947,"fpi":53939,"ldeC1":109,"ldeC2":1543,"ldePPA":7832,"ldePPI":844,"ldeRADC":16505,"ldeRCC":10484,"ldeT":1085,"maxGrowthCIR":1644,"maxNoise":1085,"pA":117,"rxPreamCount":124,"stdNoise":44,"tI":33292288,"tO":524144},"app":"DS TWR RESP DW1000","co":-6638,"d":5.478337,"err":724,"errors":{"ARFE":0,"CRCB":7,"CRCG":3008,"HPW":0,"OVER":0,"PHE":188,"PTO":72,"RSL":321,"RTO":8,"SFDTO":128,"TXF":1490,"TXW":1490},"oth":372994,"sn":3292,"sn_tx":210,"t":91751,"unexp":1170,"unix":1618929253.90823}
{"a":{"accI":[51,21,-11,131,107,152,76,699,3659,5497,6589,4970,-613,-2361,-372,679,147,-347,-184,-181,-199,-624,-567,-153,504,122,-540,-834,-443,-391],"accR":[126,-50,-58,7,56,50,132,1205,4846,5845,4421,-243,-4445,-3128,-475,-179,-1357,-1248,-661,-395,8,-207,-456,-968,-1230,-752,208,1034,821,-24],"f1":7679,"f2":7212,"f3":5754,"fpi":45986,"ldeC1":109,"ldeC2":1543,"ldePPA":7678,"ldePPI":721,"ldeRADC":16505,"ldeRCC":10484,"ldeT":1057,"maxGrowthCIR":176,"maxNoise":1057,"pA":2,"rxPreamCount":124,"stdNoise":44,"tI":33292288,"tO":524166},"app":"DS TWR RESP DW1000","co":-6716,"d":5.38453,"err":725,"errors":{"ARFE":0,"CRCB":7,"CRCG":3467,"HPW":0,"OVER":0,"PHE":188,"PTO":72,"RSL":322,"RTO":8,"SFDTO":128,"TXF":1493,"TXW":1493},"oth":373447,"sn":3299,"sn_tx":213,"t":91863,"unexp":1172,"unix":1618929254.01376}
{"a":{"accI":[-3,22,-5,8,77,-108,-310,-1995,-4117,-4794,-4292,-250,3545,2614,63,-1151,-504,322,605,635,758,511,-60,-48,580,686,96,-37,709,902],"accR":[-31,28,53,55,111,86,587,2929,6165,6820,5826,821,-1708,96,1757,1683,639,197,-604,-1400,-931,174,1012,947,397,-62,-419,-693,-426,-455],"f1":6893,"f2":8012,"f3":7188,"fpi":52618,"ldeC1":109,"ldeC2":1543,"ldePPA":8011,"ldePPI":824,"ldeRADC":16505,"ldeRCC":10484,"ldeT":1134,"maxGrowthCIR":1663,"maxNoise":1134,"pA":120,"rxPreamCount":124,"stdNoise":44,"tI":33292288,"tO":524149},"app":"DS TWR RESP DW1000","co":-6557,"d":5.154702,"err":726,"errors":{"ARFE":0,"CRCB":7,"CRCG":313,"HPW":0,"OVER":0,"PHE":189,"PTO":72,"RSL":322,"RTO":8,"SFDTO":128,"TXF":1498,"TXW":1498},"oth":374380,"sn":3313,"sn_tx":218,"t":92087,"unexp":1175,"unix":1618929254.23756}
{"a":{"accI":[56,225,42,-183,-45,79,-19,-874,-5218,-7198,-6997,-3909,1727,2377,-316,-286,2053,2153,912,528,-41,-621,-447,188,631,544,561,258,-1,-93],"accR":[92,23,28,59,7,-53,94,242,1633,3134,4458,4704,886,-2043,-943,892,1361,410,-293,-428,269,736,-239,-1025,-865,249,865,452,-458,-776],"f1":8134,"f2":8004,"f3":5649,"fpi":51756,"ldeC1":109,"ldeC2":1543,"ldePPA":8133,"ldePPI":811,"ldeRADC":16505,"ldeRCC":10484,"ldeT":1336,"maxGrowthCIR":1865,"maxNoise":1336,"pA":114,"rxPreamCount":124,"stdNoise":52,"tI":33292288,"tO":524154},"app":"DS TWR RESP DW1000","co":-6828,"d":4.59655,"err":729,"errors":{"ARFE":0,"CRCB":7,"CRCG":2467,"HPW":0,"OVER":0,"PHE":190,"PTO":73,"RSL":323,"RTO":8,"SFDTO":128,"TXF":1513,"TXW":1513},"oth":376505,"sn":3345,"sn_tx":233,"t":92599,"unexp":1188,"unix":1618929254.7568}
{"a":{"accI":[-23,56,72,3,-23,-102,-101,-756,-2453,-3241,-2805,-765,1628,2664,2483,1990,750,-750,-1179,-297,-88,30,756,1491,929,-120,-590,-278,61,147],"accR":[-22,34,-17,-21,-103,12,252,1468,5253,7043,7182,3676,-1250,-1652,1197,1733,-24,-1316,-1268,-551,149,-848,-2501,-1468,638,1261,871,827,400,182],"f1":7889,"f2":7859,"f3":5872,"fpi":46822,"ldeC1":109,"ldeC2":1543,"ldePPA":7888,"ldePPI":734,"ldeRADC":16505,"ldeRCC":10484,"ldeT":1198,"maxGrowthCIR":1937,"maxNoise":1198,"pA":0,"rxPreamCount":124,"stdNoise":48,"tI":33292288,"tO":524153},"app":"DS TWR RESP DW1000","co":-6605,"d":4.127514,"err":731,"errors":{"ARFE":0,"CRCB":7,"CRCG":538,"HPW":0,"OVER":0,"PHE":191,"PTO":73,"RSL":324,"RTO":8,"SFDTO":128,"TXF":1526,"TXW":1526},"oth":378646,"sn":3377,"sn_tx":246,"t":93111,"unexp":1200,"unix":1618929255.26433}
{"a":{"accI":[222,247,-54,-222,-42,3,-589,-3536,-6870,-7332,-7305,-5147,-1233,-157,664,3103,3017,1378,385,998,757,446,-112,-1035,-798,94,379,365,469,724],"accR":[-78,-108,22,-30,-40,52,3,301,969,1366,942,-289,-291,944,1337,419,-752,-922,-559,-422,17,433,812,-33,-709,-504,23,469,1194,1300],"f1":7556,"f2":7689,"f3":7128,"fpi":46597,"ldeC1":109,"ldeC2":1543,"ldePPA":7688,"ldePPI":730,"ldeRADC":16505,"ldeRCC":10484,"ldeT":1231,"maxGrowthCIR":1410,"maxNoise":1231,"pA":9,"rxPreamCount":124,"stdNoise":52,"tI":33292288,"tO":524046},"app":"DS TWR RESP DW1000","co":-6733,"d":2.75793,"err":739,"errors":{"ARFE":0,"CRCB":7,"CRCG":2068,"HPW":0,"OVER":0,"PHE":192,"PTO":74,"RSL":328,"RTO":8,"SFDTO":130,"TXF":1563,"TXW":1563},"oth":384200,"sn":3460,"sn_tx":27,"t":94439,"unexp":1234,"unix":1618929256.59648}
{"a":{"accI":[123,108,35,82,115,-86,-164,898,4771,7241,7237,3146,-1393,-685,2165,2813,2163,1780,1253,214,-942,249,2637,1654,-990,-1476,-844,-571,-74,-134],"accR":[-4,111,33,87,106,-17,45,37,85,-991,-3099,-3277,868,5089,1940,-3580,-4774,-1918,-593,-692,197,1761,1783,-159,-1393,-151,1151,1193,-141,-787],"f1":8010,"f2":7487,"f3":4785,"fpi":49011,"ldeC1":109,"ldeC2":1543,"ldePPA":8009,"ldePPI":768,"ldeRADC":16505,"ldeRCC":10484,"ldeT":1837,"maxGrowthCIR":2108,"maxNoise":1837,"pA":112,"rxPreamCount":124,"stdNoise":72,"tI":33292288,"tO":524160},"app":"DS TWR RESP DW1000","co":-6834,"d":1.782336,"err":760,"errors":{"ARFE":0,"CRCB":7,"CRCG":2089,"HPW":0,"OVER":0,"PHE":199,"PTO":76,"RSL":339,"RTO":8,"SFDTO":131,"TXF":1590,"TXW":1590},"oth":388271,"sn":3521,"sn_tx":54,"t":95415,"unexp":1252,"unix":1618929257.56592}
{"a":{"accI":[65,24,65,6,-79,117,-127,-340,-1296,-1101,818,2319,1724,-1071,-3581,-1047,849,221,-730,-1104,1407,2583,1696,-195,-1136,-414,190,695,256,52],"accR":[66,20,1,99,144,82,238,1397,4681,6763,6861,2859,628,3363,3866,-531,-2963,-502,80,-1512,-4273,-2090,2041,3095,1711,137,121,878,-153,-1992],"f1":7055,"f2":7030,"f3":4997,"fpi":48042,"ldeC1":109,"ldeC2":1543,"ldePPA":7054,"ldePPI":753,"ldeRADC":16505,"ldeRCC":10484,"ldeT":1318,"maxGrowthCIR":1898,"maxNoise":1318,"pA":13,"rxPreamCount":116,"stdNoise":56,"tI":33292288,"tO":524162},"app":"DS TWR RESP DW1000","co":-6669,"d":1.008427,"err":797,"errors":{"ARFE":0,"CRCB":7,"CRCG":2145,"HPW":0,"OVER":0,"PHE":213,"PTO":77,"RSL":354,"RTO":8,"SFDTO":138,"TXF":1620,"TXW":1620},"oth":392377,"sn":3583,"sn_tx":84,"t":96407,"unexp":1267,"unix":1618929258.55994}
{"a":{"accI":[23,22,17,79,-22,38,9,-204,-1737,-3649,-5625,-4796,-759,1510,2714,2213,1771,1317,302,-1311,-2352,-1102,47,625,-540,-1128,-245,1117,1482,389],"accR":[-36,-108,13,51,1,-9,-171,-1228,-4824,-6834,-5896,1230,6746,7436,6691,82,-4186,-1873,-346,-327,-493,-56,145,442,173,231,-47,-499,-193,-91],"f1":7322,"f2":7766,"f3":5278,"fpi":46959,"ldeC1":109,"ldeC2":1543,"ldePPA":7792,"ldePPI":739,"ldeRADC":16505,"ldeRCC":10484,"ldeT":1176,"maxGrowthCIR":2833,"maxNoise":1176,"pA":116,"rxPreamCount":124,"stdNoise":48,"tI":33292288,"tO":524146},"app":"DS TWR RESP DW1000","co":-6618,"d":0.938071,"err":801,"errors":{"ARFE":0,"CRCB":7,"CRCG":2666,"HPW":0,"OVER":0,"PHE":213,"PTO":78,"RSL":357,"RTO":8,"SFDTO":138,"TXF":1624,"TXW":1624},"oth":392891,"sn":3591,"sn_tx":88,"t":96535,"unexp":1269,"unix":1618929258.68975}
